h3_id,demand_pressure,dispatch_orders,mean_duration_min
88411c18bdfffff,4.199999999999999,50.0,18.56
88411c04c9fffff,9.450000000000001,336.0,19.014880952380953
88411caaabfffff,0.7000000000000001,873.0,20.761741122565866
88411ca0b1fffff,4.2,747.0,23.87817938420348
88411c16a7fffff,0.5,558.0,17.1415770609319
88411c06a5fffff,106.05000000000003,551.0,17.23049001814882
88411c1491fffff,99.25,461.0,24.09761388286334
88411c1883fffff,28.250000000000004,26.0,17.153846153846153
88411c166dfffff,26.200000000000003,857.0,12.094515752625437
88411cac4dfffff,46.4,4756.0,23.572750210260722
88411c066bfffff,143.45,1519.0,17.827518104015798
88411c0063fffff,0.6499999999999999,28.0,20.892857142857142
88411c16e1fffff,14.250000000000002,912.0,9.93421052631579
88411caa37fffff,122.89999999999999,2682.0,19.049962714392244
88411c0455fffff,2.0,154.0,17.09090909090909
88411cae29fffff,6.7,2395.0,22.772025052192067
88411c02edfffff,74.89999999999999,343.0,16.807580174927114
88411c3421fffff,1.0,2.0,43.5
88411c141dfffff,23.45,171.0,15.514619883040936
88411c041bfffff,81.94999999999999,815.0,21.45889570552147
88411c2209fffff,152.85000000000002,970.0,11.068041237113402
88411ca9c3fffff,51.85000000000001,1426.0,27.775596072931275
88411c31d1fffff,19.7,79.0,19.27848101265823
88411cadb5fffff,0.6,1151.0,19.705473501303214
88411ca989fffff,86.05,3950.0,25.267848101265823
88411c3197fffff,43.79999999999999,165.0,16.55757575757576
88411c1193fffff,2.9,148.0,19.804054054054053
88411cab65fffff,94.85000000000001,1738.0,17.390103567318757
88411caf57fffff,121.89999999999999,1637.0,21.6139279169212
88411caae5fffff,7.95,383.0,24.065274151436032
88411c3765fffff,1.2000000000000002,235.0,19.4
88411c1505fffff,8.85,181.0,20.646408839779006
88411c036dfffff,0.0,11.0,16.545454545454547
88411cad41fffff,0.5000000000000001,14.0,16.142857142857142
88411c3509fffff,119.35,1040.0,15.370192307692308
88411c3339fffff,3.6499999999999995,223.0,15.331838565022421
88411c1113fffff,31.050000000000004,336.0,12.875
88411c0719fffff,5.05,139.0,17.0
88411ca915fffff,65.6,7069.0,24.38392983448861
88411c3117fffff,22.6,129.0,14.992248062015504
88411c3515fffff,48.199999999999996,358.0,19.075418994413408
88411c1511fffff,176.45,1404.0,11.83048433048433
88411c0327fffff,194.3,101.0,11.752475247524753
88411ca8dbfffff,42.65,2442.0,13.596642096642096
88411ca909fffff,194.45000000000002,4144.0,19.598938223938223
88411c30e9fffff,31.850000000000005,37.0,19.72972972972973
88411c16edfffff,0.75,399.0,12.862155388471178
88411c06ebfffff,34.75,577.0,22.998266897746966
88411c232bfffff,0.3,7.0,19.0
88411ca0bdfffff,22.45,1864.0,16.574570815450645
88411caab7fffff,1.5,1075.0,20.746976744186046
88411c32c5fffff,3.25,2.0,12.0
88411c10abfffff,2.2000000000000006,16.0,12.1875
88411ca125fffff,19.400000000000002,4016.0,17.866782868525895
88411c1aa5fffff,14.650000000000002,87.0,14.816091954022989
88411c149dfffff,76.24999999999999,2177.0,19.025723472668812
88411c049bfffff,38.8,129.0,22.968992248062015
88411c1287fffff,63.449999999999996,98.0,9.193877551020408
88411ca867fffff,146.39999999999998,3661.0,24.460256760447965
88411c3543fffff,52.300000000000004,776.0,15.481958762886597
88411c3467fffff,41.45,334.0,17.51197604790419
88411caa43fffff,150.25000000000003,3166.0,18.624447252053063
88411c1855fffff,12.45,82.0,18.597560975609756
88411ca82dfffff,97.35,5795.0,21.57825711820535
88411c024bfffff,0.8500000000000001,62.0,17.0
88411c3151fffff,4.550000000000001,252.0,19.246031746031747
88411cc61bfffff,0.35,53.0,12.924528301886792
88411c1037fffff,0.0,78.0,13.871794871794872
88411c1a31fffff,2.7999999999999994,310.0,17.370967741935484
88411c0361fffff,0.1,24.0,15.666666666666666
88411c3759fffff,106.45,1496.0,19.032085561497325
88411ca943fffff,45.85,5085.0,18.51858407079646
88411c1363fffff,28.799999999999997,120.0,10.183333333333334
88411caa09fffff,143.44999999999996,4898.0,18.14107799101674
88411c2215fffff,16.800000000000004,336.0,21.095238095238095
88411c0211fffff,68.04999999999998,1086.0,14.965009208103131
88411caf4bfffff,47.75,13034.0,22.43087310112015
88411c3001fffff,0.6,114.0,22.087719298245613
88411cadc1fffff,40.05,1823.0,21.2029621503017
88411ca1b1fffff,116.7,15658.0,20.824562523949417
88411c31a3fffff,92.8,877.0,12.961231470923604
88411cad87fffff,50.55,1273.0,19.791830322073842
88411c1591fffff,13.200000000000003,427.0,18.74473067915691
88411ca95bfffff,66.49999999999999,2377.0,21.536811106436684
88411cad4dfffff,0.55,2.0,48.5
88411c1165fffff,0.0,19.0,20.0
88411c355bfffff,35.849999999999994,192.0,17.859375
88411cab37fffff,0.0,1348.0,21.649109792284868
88411c3345fffff,49.00000000000001,589.0,18.485568760611205
88411c1187fffff,24.799999999999994,201.0,16.29850746268657
88411c8b33fffff,0.6,1.0,25.0
88411caf29fffff,11.2,4440.0,19.35427927927928
88411c2343fffff,14.149999999999999,410.0,16.860975609756096
88411ca921fffff,122.15,3671.0,21.855080359575048
88411c3737fffff,155.05,852.0,17.039906103286384
88411c1733fffff,27.85,83.0,18.180722891566266
88411c318bfffff,28.450000000000003,99.0,17.91919191919192
88411c112bfffff,3.5000000000000004,115.0,16.191304347826087
88411c151dfffff,128.5,1894.0,13.325237592397043
88411c1307fffff,0.05,1.0,12.0
88411c0305fffff,0.05,24.0,18.958333333333332
88411cc6d5fffff,9.150000000000002,2.0,25.0
88411c1aebfffff,7.7,300.0,16.37
88411c14e3fffff,43.4,715.0,20.723076923076924
88411caac3fffff,3.75,1702.0,20.805522914218567
88411c04e1fffff,17.25,162.0,18.135802469135804
88411c32d1fffff,0.0,183.0,17.398907103825138
88411ca8adfffff,6.35,148.0,18.27027027027027
88411c02cbfffff,4.999999999999999,375.0,15.826666666666666
88411c06bdfffff,76.85000000000001,293.0,18.703071672354948
88411caa89fffff,47.50000000000001,2127.0,20.54254818993888
88411c189bfffff,49.95000000000001,198.0,14.792929292929292
88411c1293fffff,16.200000000000003,54.0,13.074074074074074
88411c15b3fffff,64.95,409.0,13.493887530562347
88411cac65fffff,247.8,3377.0,17.512585134734973
88411c0683fffff,37.1,308.0,23.142857142857142
88411cae41fffff,6.1000000000000005,400.0,20.7425
88411c225bfffff,44.10000000000001,675.0,17.63259259259259
88411c0257fffff,28.050000000000004,442.0,18.570135746606336
88411c3047fffff,3.9000000000000004,257.0,20.929961089494164
88411c11c1fffff,0.5,64.0,13.734375
88411c0041fffff,110.8,397.0,17.183879093198993
88411caa15fffff,3.95,5485.0,24.80729261622607
88411c3223fffff,140.45,837.0,11.93667861409797
88411cae07fffff,3.75,447.0,25.340044742729308
88411c2221fffff,66.4,334.0,19.017964071856287
88411c300dfffff,0.1,14.0,21.142857142857142
88411ca9dbfffff,0.0,1.0,51.0
88411c31e9fffff,16.2,230.0,19.704347826086956
88411cadcdfffff,29.950000000000003,288.0,21.635416666666668
88411c11e5fffff,1.55,331.0,16.410876132930515
88411cb9a3fffff,314.0,5830.0,18.998627787307033
88411ca9a1fffff,89.75,1314.0,24.60882800608828
88411c159dfffff,1.35,39.0,18.692307692307693
88411ca967fffff,47.9,1372.0,21.350583090379008
88411cad59fffff,48.49999999999999,356.0,18.297752808988765
88411c1563fffff,16.150000000000002,80.0,22.675
88411c3351fffff,15.500000000000002,75.0,17.053333333333335
88411caf35fffff,69.2,3788.0,22.760295670538543
88411c134dfffff,1.2000000000000002,41.0,20.75609756097561
88411c034bfffff,52.300000000000004,204.0,15.818627450980392
88411c313bfffff,23.000000000000004,136.0,14.463235294117647
88411c8929fffff,2.5999999999999996,14.0,17.5
88411c1529fffff,3.2499999999999996,293.0,21.675767918088738
88411cab09fffff,58.199999999999996,623.0,22.784911717495987
88411cade3fffff,88.99999999999999,466.0,21.401287553648068
88411c89edfffff,0.5,22.0,13.363636363636363
88411c04edfffff,57.20000000000001,106.0,20.047169811320753
88411c30c7fffff,0.25,9.0,18.11111111111111
88411c06c9fffff,39.349999999999994,3593.0,24.028388533259115
88411c1411fffff,40.1,1178.0,17.971986417657046
88411cd493fffff,0.35,1.0,39.0
88411caa95fffff,17.150000000000002,1575.0,19.29904761904762
88411c001dfffff,60.5,71.0,16.845070422535212
88411c1a19fffff,5.949999999999999,78.0,16.94871794871795
88411cac07fffff,169.74999999999997,4959.0,18.850574712643677
88411caa5bfffff,25.349999999999998,1524.0,23.238845144356954
88411c2267fffff,4.700000000000001,29.0,17.620689655172413
88411c0233fffff,151.95000000000005,941.0,17.71094580233794
88411ca815fffff,0.35,921.0,21.344191096634095
88411cac37fffff,58.949999999999996,2551.0,17.475891807134456
88411c3445fffff,29.050000000000004,893.0,20.949608062709967
88411c004dfffff,60.650000000000006,425.0,15.070588235294117
88411cae1dfffff,7.699999999999999,14.0,24.071428571428573
88411caa21fffff,1.85,3752.0,18.92457356076759
88411c3239fffff,3.4,781.0,12.247119078104994
88411c222dfffff,17.8,273.0,15.113553113553113
88411c0229fffff,2.6000000000000005,725.0,16.008275862068967
88411c3019fffff,0.15000000000000002,4.0,21.0
88411c3a13fffff,2.849999999999999,64.0,18.90625
88411c0449fffff,10.75,102.0,17.284313725490197
88411c061bfffff,0.49999999999999994,1711.0,23.72998246639392
88411caa2bfffff,37.550000000000004,5306.0,21.71673577082548
88411c1407fffff,1.7,45.0,15.088888888888889
88411ca9e7fffff,221.70000000000002,4338.0,16.778008298755186
88411c0405fffff,12.1,27.0,23.814814814814813
88411cadd9fffff,187.25,3578.0,16.76607043040805
88411ca9adfffff,198.75,2606.0,19.845740598618573
88411c1a53fffff,1.55,98.0,13.622448979591837
88411c31bbfffff,93.25,427.0,15.140515222482435
88411c89a9fffff,0.05,3.0,18.333333333333332
88411c335dfffff,89.14999999999999,581.0,17.394148020654043
88411c1661fffff,96.80000000000001,399.0,10.731829573934837
88411c305dfffff,51.64999999999999,522.0,17.369731800766285
88411c235bfffff,55.800000000000004,472.0,16.709745762711865
88411c0357fffff,120.70000000000002,674.0,15.600890207715134
88411c8935fffff,15.649999999999999,133.0,11.421052631578947
88411c026dfffff,3.8499999999999996,47.0,15.446808510638299
88411c174bfffff,1.0999999999999999,176.0,13.829545454545455
88411c3665fffff,0.0,17.0,12.941176470588236
88411c0141fffff,14.850000000000001,191.0,20.780104712041886
88411c1535fffff,1.55,39.0,17.615384615384617
88411cab15fffff,3.1500000000000004,15.0,21.066666666666666
88411cae57fffff,20.5,124.0,19.774193548387096
88411c031dfffff,30.8,786.0,16.585241730279897
88411c1711fffff,0.0,2.0,9.5
88411caa65fffff,384.49999999999994,2835.0,16.14215167548501
88411c1485fffff,39.95,1044.0,23.06800766283525
88411ca8c5fffff,73.35000000000002,1167.0,20.373607540702658
88411c02e3fffff,11.200000000000001,260.0,18.423076923076923
88411c30d3fffff,37.550000000000004,659.0,17.655538694992412
88411c16d7fffff,63.24999999999999,2175.0,19.391724137931035
88411cc6b3fffff,0.0,101.0,8.702970297029703
88411c06d5fffff,35.15,660.0,20.166666666666668
88411c1a8dfffff,9.5,93.0,11.634408602150538
88411c1ac9fffff,2.6999999999999997,47.0,12.446808510638299
88411ca0a7fffff,206.45000000000002,3727.0,20.567480547357125
88411c14c1fffff,79.99999999999999,2449.0,19.9289505920784
88411caaa1fffff,0.05,1.0,19.0
88411c0699fffff,33.800000000000004,1294.0,25.653786707882535
88411ca88bfffff,19.05,53.0,13.547169811320755
88411c3a91fffff,0.15,42.0,18.88095238095238
88411c169bfffff,98.40000000000002,2865.0,19.030366492146598
88411c3097fffff,150.35,1845.0,15.559349593495934
88411c3a93fffff,19.1,104.0,19.701923076923077
88411c069bfffff,49.050000000000004,1517.0,24.188529993408043
88411c1487fffff,19.500000000000004,274.0,18.861313868613138
88411caa67fffff,47.29999999999999,3250.0,21.742461538461537
88411c0485fffff,3.45,801.0,14.123595505617978
88411cae59fffff,9.0,744.0,23.688172043010752
88411ca889fffff,6.4,114.0,15.052631578947368
88411ca851fffff,0.1,2.0,37.5
88411c3667fffff,0.0,13.0,20.692307692307693
88411c12a9fffff,5.15,52.0,15.307692307692308
88411c0059fffff,109.9,1037.0,18.83606557377049
88411c044bfffff,16.85,178.0,17.3876404494382
88411c323bfffff,22.700000000000006,890.0,16.96067415730337
88411c2239fffff,11.950000000000001,89.0,22.50561797752809
88411ca817fffff,9.45,222.0,14.765765765765765
88411c362dfffff,0.0,115.0,19.14782608695652
88411c0235fffff,160.75000000000003,1435.0,15.87177700348432
88411c3025fffff,83.15,297.0,19.34006734006734
88411ca0a5fffff,91.25000000000001,3632.0,16.917951541850222
88411cac09fffff,72.39999999999999,3400.0,16.474117647058822
88411c1a1bfffff,91.95,135.0,15.348148148148148
88411c1ac7fffff,0.4,18.0,15.333333333333334
88411cb9bbfffff,63.150000000000006,10289.0,18.085042278161144
88411ca9b9fffff,11.7,294.0,26.401360544217688
88411c3acbfffff,48.5,108.0,16.63888888888889
88411c31c7fffff,28.75,357.0,17.26890756302521
88411cadabfffff,0.85,27.0,20.48148148148148
88411c11c3fffff,5.800000000000001,134.0,15.843283582089553
88411c318dfffff,86.39999999999999,778.0,14.947300771208226
88411ca8c3fffff,2.45,2313.0,17.073929961089494
88411c1189fffff,80.99999999999999,133.0,16.06015037593985
88411caf4dfffff,92.70000000000002,15972.0,23.533934385174053
88411c1365fffff,21.5,305.0,7.442622950819672
88411c0363fffff,0.05,7.0,14.571428571428571
88411c3153fffff,17.450000000000003,337.0,17.5459940652819
88411c1757fffff,10.8,86.0,19.813953488372093
88411c32e7fffff,0.2,4.0,14.0
88411c0755fffff,3.2499999999999996,88.0,14.215909090909092
88411c014dfffff,61.099999999999994,595.0,13.552941176470588
88411c1541fffff,0.95,23.0,18.652173913043477
88411caf13fffff,112.25,3588.0,18.370680044593087
88411ca90bfffff,163.3,6703.0,24.361330747426525
88411c3721fffff,57.25,996.0,20.24397590361446
88411c0329fffff,3.35,167.0,12.317365269461078
88411c071bfffff,5.25,38.0,18.5
88411c1115fffff,11.149999999999999,407.0,18.36855036855037
88411c350bfffff,52.15,984.0,18.648373983739837
88411caae7fffff,1.7500000000000002,79.0,29.430379746835442
88411ca8d1fffff,38.65,2262.0,14.531388152077808
88411c1ad5fffff,1.4500000000000002,124.0,22.016129032258064
88411c310bfffff,4.750000000000001,183.0,13.327868852459016
88411cd4abfffff,2.95,1.0,31.0
88411ca0b3fffff,4.199999999999999,434.0,26.49078341013825
88411c14cdfffff,83.69999999999997,2123.0,17.30193122939237
88411c04cbfffff,48.900000000000006,519.0,20.62042389210019
88411c3713fffff,38.44999999999999,1069.0,19.24041159962582
88411ca897fffff,0.0,14.0,16.857142857142858
88411c30a5fffff,2.0500000000000003,276.0,21.409420289855074
88411c10a1fffff,17.200000000000003,23.0,23.91304347826087
88411c1a9bfffff,0.0,38.0,17.81578947368421
88411c3281fffff,34.949999999999996,16.0,10.5
88411c1885fffff,0.15,18.0,15.277777777777779
88411ca85dfffff,22.05,471.0,17.966029723991507
88411c066dfffff,39.24999999999999,660.0,14.73939393939394
88411cab13fffff,8.700000000000001,666.0,17.71171171171171
88411c1533fffff,0.1,5.0,29.0
88411caa39fffff,68.80000000000001,4752.0,19.31797138047138
88411c0457fffff,81.2,403.0,16.444168734491313
88411cae2bfffff,90.54999999999998,476.0,22.105042016806724
88411c3031fffff,66.19999999999999,320.0,17.10625
88411cc611fffff,22.5,27.0,13.0
88411cac15fffff,110.55,2101.0,19.712993812470252
88411c1141fffff,1.05,2.0,14.5
88411c0633fffff,15.150000000000002,87.0,19.50574712643678
88411c041dfffff,13.25,335.0,13.513432835820895
88411c320dfffff,0.5,4.0,13.75
88411c220bfffff,141.55,1404.0,14.60897435897436
88411c0207fffff,27.750000000000004,1053.0,16.260208926875592
88411c31d3fffff,0.2,132.0,20.242424242424242
88411c0355fffff,36.04999999999999,280.0,15.325
88411ca1a7fffff,6.65,1366.0,18.548316251830162
88411c15c1fffff,42.05,275.0,17.883636363636363
88411ca98bfffff,11.7,854.0,22.95784543325527
88411c1587fffff,9.25,139.0,18.8705035971223
88411cab67fffff,76.19999999999999,1150.0,17.905217391304348
88411c3767fffff,23.15,687.0,19.606986899563317
88411c894dfffff,3.25,1.0,66.0
88411cad43fffff,0.4,85.0,17.941176470588236
88411c3551fffff,53.199999999999996,1049.0,18.84938036224976
88411c0159fffff,6.200000000000001,3.0,14.666666666666666
88411c154dfffff,0.30000000000000004,2.0,16.0
88411cab4dfffff,38.45,6249.0,21.698031685069612
88411cab2dfffff,82.1,271.0,17.18450184501845
88411c333bfffff,7.7,90.0,16.944444444444443
88411ca525fffff,0.35,22.0,17.363636363636363
88411ca917fffff,142.45,8893.0,24.65332283818734
88411c372dfffff,50.2,709.0,22.22849083215797
88411c0335fffff,18.849999999999998,149.0,14.859060402684564
88411c1121fffff,8.15,20.0,14.65
88411c3517fffff,3.3499999999999996,4.0,21.5
88411c3301fffff,17.1,247.0,18.53846153846154
88411caee5fffff,0.0,5.0,29.0
88411ca8ddfffff,11.600000000000001,3780.0,21.677513227513227
88411c06edfffff,46.9,657.0,24.598173515981735
88411c1ae1fffff,8.9,212.0,11.037735849056604
88411c14d9fffff,96.6,2648.0,15.146525679758309
88411caab9fffff,62.10000000000001,1316.0,25.095744680851062
88411c32c7fffff,0.0,121.0,20.355371900826448
88411c30b1fffff,19.300000000000004,725.0,20.099310344827586
88411c16b5fffff,1.3499999999999999,304.0,19.707236842105264
88411c06b3fffff,6.050000000000001,54.0,23.333333333333332
88411c10adfffff,5.3500000000000005,23.0,19.47826086956522
88411c1aa7fffff,27.150000000000006,77.0,17.935064935064936
88411c049dfffff,2.8499999999999996,46.0,19.26086956521739
88411c328dfffff,25.65,169.0,20.366863905325445
88411ca869fffff,0.15000000000000002,604.0,23.264900662251655
88411caa45fffff,24.5,7621.0,19.895682981236057
88411c0463fffff,19.200000000000003,35.0,22.17142857142857
88411c3253fffff,47.95,498.0,15.765060240963855
88411c2251fffff,17.2,1009.0,15.295341922695739
88411c024dfffff,2.2499999999999996,465.0,18.75483870967742
88411c303dfffff,16.45,311.0,15.646302250803858
88411c142bfffff,7.449999999999999,825.0,15.973333333333333
88411c3219fffff,79.45,548.0,19.932481751824817
88411c11b5fffff,54.00000000000001,206.0,17.033980582524272
88411c0213fffff,184.79999999999998,1166.0,14.815608919382504
88411cad9dfffff,0.8,179.0,15.94413407821229
88411cadc3fffff,61.75000000000001,1954.0,17.041453428863868
88411c31b9fffff,104.55000000000001,1108.0,14.504512635379061
88411ca1b3fffff,202.45,6629.0,17.783225222507166
88411c15cdfffff,80.65,881.0,15.730987514188422
88411cad89fffff,6.400000000000001,443.0,20.604966139954854
88411c11a1fffff,3.05,51.0,15.882352941176471
88411c1593fffff,28.700000000000006,496.0,17.64516129032258
88411caf65fffff,50.24999999999999,1976.0,18.423582995951417
88411c1167fffff,0.0,42.0,22.452380952380953
88411c1559fffff,42.19999999999999,312.0,17.634615384615383
88411c3347fffff,90.10000000000002,1208.0,20.093543046357617
88411caf2bfffff,5.05,2628.0,26.698249619482496
88411c2345fffff,6.0,189.0,21.624338624338623
88411ca923fffff,166.75,1690.0,20.194082840236685
88411c3739fffff,90.54999999999998,1604.0,17.809850374064837
88411c0341fffff,9.9,78.0,16.76923076923077
88411c3523fffff,115.05,578.0,19.922145328719722
88411c330dfffff,72.69999999999999,877.0,19.095781071835805
88411c230bfffff,7.150000000000001,307.0,17.64169381107492
88411ca8e9fffff,6.650000000000001,486.0,13.88477366255144
88411c1aedfffff,0.7500000000000001,234.0,16.23076923076923
88411caac5fffff,46.74999999999999,2490.0,22.22409638554217
88411c04e3fffff,19.000000000000004,167.0,17.682634730538922
88411c30bdfffff,40.650000000000006,402.0,20.942786069651742
88411ca091fffff,0.4,2.0,23.5
88411c14abfffff,40.199999999999996,706.0,23.413597733711047
88411c04a9fffff,6.25,63.0,14.793650793650794
88411c3299fffff,45.95,369.0,15.29539295392954
88411c189dfffff,14.55,178.0,13.932584269662922
88411c3083fffff,17.95,297.0,18.033670033670035
88411c0403fffff,2.55,22.0,19.818181818181817
88411ca9e5fffff,84.65,4275.0,16.151812865497075
88411cac67fffff,205.3,3649.0,18.72814469717731
88411c1405fffff,0.0,228.0,17.43859649122807
88411caa51fffff,48.19999999999999,5484.0,18.936907366885485
88411cae43fffff,2.3000000000000003,665.0,23.004511278195487
88411c225dfffff,76.55000000000001,752.0,12.83909574468085
88411c3049fffff,74.8,722.0,17.026315789473685
88411cac2dfffff,119.89999999999999,2480.0,20.054435483870968
88411c064bfffff,53.95000000000001,204.0,21.745098039215687
88411c0043fffff,30.399999999999995,196.0,19.994897959183675
88411c0619fffff,0.0,1.0,6.0
88411c3a11fffff,0.0,13.0,17.692307692307693
88411c1437fffff,27.3,401.0,19.42643391521197
88411c3017fffff,111.1,419.0,15.260143198090692
88411c2223fffff,44.050000000000004,95.0,18.147368421052633
88411ca801fffff,0.0,4.0,18.75
88411c1613fffff,13.899999999999999,1032.0,12.314922480620154
88411c0611fffff,0.05,216.0,21.49074074074074
88411c0227fffff,222.64999999999998,1160.0,12.933620689655172
88411c0009fffff,62.1,135.0,17.42222222222222
88411c11e7fffff,46.45,347.0,14.605187319884726
88411c15d9fffff,5.4,50.0,22.32
88411cae11fffff,0.6000000000000001,26.0,19.03846153846154
88411ca9a3fffff,51.94999999999999,1966.0,28.728382502543234
88411c31b1fffff,219.70000000000005,628.0,13.960191082802547
88411c322dfffff,0.0,122.0,18.975409836065573
88411cad95fffff,1.5,1163.0,15.104901117798796
88411c11adfffff,104.05,209.0,19.760765550239235
88411ca969fffff,0.3,706.0,25.38243626062323
88411cad5bfffff,81.35,1666.0,18.820528211284515
88411c3569fffff,125.30000000000001,995.0,14.267336683417085
88411c1565fffff,0.0,13.0,18.307692307692307
88411cab45fffff,174.34999999999997,3107.0,20.858062439652397
88411c3745fffff,0.15000000000000002,254.0,17.023622047244096
88411c313dfffff,2.6,73.0,15.315068493150685
88411c892bfffff,19.000000000000004,69.0,13.898550724637682
88411c004bfffff,122.39999999999999,1427.0,17.880868955851437
88411c1139fffff,13.700000000000001,169.0,15.14792899408284
88411c3319fffff,25.4,478.0,18.560669456066947
88411c0313fffff,77.30000000000001,392.0,16.31377551020408
88411c3103fffff,44.25,127.0,14.929133858267717
88411cace7fffff,0.30000000000000004,5.0,15.0
88411caad1fffff,22.45,919.0,13.990206746463548
88411c2265fffff,1.85,227.0,19.01762114537445
88411cae4bfffff,0.4,12.0,17.583333333333332
88411c3ac3fffff,59.550000000000004,111.0,18.594594594594593
88411cacadfffff,0.05,27.0,27.51851851851852
88411c06cbfffff,29.700000000000003,3109.0,26.770344162110003
88411c14b7fffff,5.75,405.0,23.014814814814816
88411c12a1fffff,0.05,1.0,17.0
88411caa59fffff,40.95,6013.0,22.50407450523865
88411c1693fffff,152.75000000000003,1444.0,19.661357340720222
88411c0691fffff,0.05,12.0,38.416666666666664
88411c1a85fffff,19.700000000000003,81.0,12.54320987654321
88411c1a81fffff,6.100000000000001,101.0,14.673267326732674
88411c0265fffff,1.5500000000000003,228.0,17.57894736842105
88411c3055fffff,19.25,103.0,19.679611650485437
88411c068dfffff,18.5,944.0,22.408898305084747
88411c308bfffff,11.700000000000001,674.0,16.316023738872403
88411c3447fffff,4.249999999999999,9.0,25.0
88411c1a4bfffff,1.9000000000000001,1.0,19.0
88411c1443fffff,8.8,2.0,15.0
88411caa23fffff,21.499999999999996,3988.0,17.77983951855567
88411c0441fffff,50.05000000000001,213.0,17.36150234741784
88411c301bfffff,0.35,1.0,18.0
88411c340dfffff,5.05,7.0,9.285714285714286
88411c1a11fffff,6.6,65.0,16.015384615384615
88411ca9e9fffff,120.10000000000001,2388.0,20.217336683417084
88411c32a1fffff,0.05,2.0,14.0
88411caddbfffff,49.650000000000006,794.0,20.591939546599495
88411caa93fffff,12.399999999999999,672.0,19.392857142857142
88411c11b9fffff,11.049999999999999,165.0,16.01212121212121
88411ca191fffff,56.650000000000006,3153.0,16.936885505867426
88411c14b3fffff,5.499999999999999,134.0,20.350746268656717
88411c3183fffff,17.95,606.0,14.23927392739274
88411cab51fffff,11.299999999999999,581.0,22.500860585197934
88411c235dfffff,58.449999999999996,527.0,16.946869070208727
88411ca93bfffff,118.29999999999998,6779.0,22.393420858533705
88411c3751fffff,56.25000000000001,474.0,13.905063291139241
88411c06c7fffff,2.1999999999999997,562.0,22.09252669039146
88411c3325fffff,0.2,114.0,20.49122807017544
88411c02d5fffff,2.45,1.0,31.0
88411caf09fffff,17.85,2793.0,23.39097744360902
88411ca8b7fffff,0.4,80.0,20.45
88411c1321fffff,1.9000000000000001,132.0,12.522727272727273
88411caaddfffff,12.2,803.0,18.115815691158158
88411c32dbfffff,0.05,26.0,21.46153846153846
88411c32ebfffff,0.7999999999999999,233.0,20.34763948497854
88411c02e5fffff,61.15,656.0,17.484756097560975
88411c30d5fffff,0.49999999999999994,238.0,16.53361344537815
88411caacdfffff,3.349999999999999,2094.0,19.70916905444126
88411c06d7fffff,54.15,469.0,21.356076759061835
88411c1acbfffff,5.15,87.0,21.413793103448278
88411c14c3fffff,107.2,2094.0,18.380611270296082
88411c04c1fffff,10.449999999999998,379.0,18.269129287598943
88411c12adfffff,0.30000000000000004,1.0,8.0
88411c309bfffff,86.84999999999998,883.0,15.012457531143827
88411c1489fffff,75.35000000000001,374.0,21.344919786096256
88411cae5bfffff,0.2,54.0,16.796296296296298
88411ca853fffff,0.0,5.0,32.6
88411c1703fffff,1.95,43.0,11.279069767441861
88411c3669fffff,16.05,3.0,31.333333333333332
88411c3061fffff,0.05,58.0,18.724137931034484
88411cac45fffff,178.15,4170.0,19.429736211031177
88411c1a57fffff,0.30000000000000004,52.0,12.884615384615385
88411c005bfffff,88.45,296.0,19.429054054054053
88411c3707fffff,5.550000000000001,1207.0,20.095277547638773
88411c1841fffff,3.6999999999999997,69.0,24.057971014492754
88411cae21fffff,63.04999999999999,679.0,20.846833578792342
88411c223bfffff,2.6999999999999997,10.0,23.6
88411c2313fffff,2.55,187.0,16.818181818181817
88411c3027fffff,14.800000000000002,107.0,16.88785046728972
88411c0629fffff,86.75,396.0,18.11868686868687
88411c1415fffff,0.0,19.0,18.736842105263158
88411c3203fffff,0.0,362.0,17.549723756906076
88411cade7fffff,17.85,488.0,19.932377049180328
88411c2201fffff,54.24999999999999,491.0,18.065173116089614
88411ca1d7fffff,9.049999999999999,2070.0,17.415458937198068
88411cb9bdfffff,158.35,6964.0,19.92145318782309
88411c11c5fffff,25.149999999999995,471.0,12.420382165605096
88411c352bfffff,68.45,411.0,17.56447688564477
88411ca19dfffff,42.199999999999996,2211.0,19.989145183175033
88411c1135fffff,13.500000000000002,210.0,19.904761904761905
88411ca981fffff,36.1,1250.0,29.2968
88411cab5dfffff,58.9,2453.0,19.221361598043213
88411c336bfffff,19.75,320.0,20.278125
88411cad1dfffff,0.05,243.0,22.275720164609055
88411c375dfffff,20.35,1770.0,16.76779661016949
88411c0349fffff,13.850000000000001,117.0,17.068376068376068
88411ca92bfffff,48.15,2154.0,18.506963788300837
88411c0757fffff,17.55,142.0,14.93661971830986
88411c3547fffff,27.850000000000005,1550.0,14.36
88411c1543fffff,31.1,354.0,18.694915254237287
88411caf15fffff,16.6,2926.0,19.92447026657553
88411c132dfffff,47.2,135.0,8.296296296296296
88411c3723fffff,14.149999999999999,907.0,18.388092613009924
88411c032bfffff,10.3,127.0,14.291338582677165
88411c311bfffff,114.44999999999997,222.0,20.10810810810811
88411c1509fffff,41.8,58.0,18.06896551724138
88411c1561fffff,6.750000000000001,56.0,21.303571428571427
88411c30e1fffff,0.8,1.0,26.0
88411cc6c1fffff,7.95,74.0,9.22972972972973
88411c3adbfffff,62.900000000000006,71.0,21.830985915492956
88411c1ad7fffff,0.65,6.0,12.5
88411c04cdfffff,19.900000000000002,297.0,21.225589225589225
88411c18c1fffff,0.6499999999999999,6.0,12.833333333333334
88411ca899fffff,18.599999999999998,1436.0,16.055710306406684
88411c30a7fffff,19.6,559.0,20.60644007155635
88411c16abfffff,0.0,10.0,13.7
88411cc687fffff,0.0,1.0,37.0
88411c06a9fffff,20.25,542.0,18.861623616236162
88411c10a3fffff,41.25000000000001,22.0,16.272727272727273
88411c1495fffff,111.30000000000001,651.0,21.48694316436252
88411c3283fffff,1.2,12.0,10.0
88411cae67fffff,131.54999999999998,3230.0,18.475851393188854
88411cac51fffff,0.5,316.0,18.61392405063291
88411c145bfffff,1.7000000000000002,5.0,21.4
88411caa3bfffff,4.300000000000001,574.0,20.75609756097561
88411c3249fffff,5.250000000000001,26.0,20.26923076923077
88411caf6dfffff,42.6,1168.0,21.49486301369863
88411c2247fffff,201.55000000000004,1102.0,12.98366606170599
88411ca825fffff,69.79999999999998,4840.0,18.96425619834711
88411c0635fffff,9.6,222.0,18.873873873873872
88411caa01fffff,246.5,8247.0,24.09482235964593
88411c220dfffff,38.6,481.0,16.434511434511435
88411c159bfffff,0.55,247.0,17.149797570850204
88411c11d1fffff,10.649999999999999,140.0,19.62142857142857
88411c15c3fffff,0.55,5.0,13.6
88411c319bfffff,47.85000000000001,511.0,19.32485322896282
88411c11a9fffff,51.35,284.0,15.577464788732394
88411caf5bfffff,257.90000000000003,6032.0,17.123176392572944
88411ca953fffff,13.850000000000001,3177.0,22.40321057601511
88411cad91fffff,0.0,72.0,27.180555555555557
88411c31adfffff,0.8500000000000001,269.0,16.695167286245354
88411c3553fffff,89.75,685.0,18.506569343065692
88411caf21fffff,91.89999999999999,1180.0,17.28728813559322
88411c0337fffff,5.3999999999999995,83.0,16.83132530120482
88411c3127fffff,0.1,92.0,17.945652173913043
88411c8915fffff,0.0,53.0,18.547169811320753
88411cb9a1fffff,316.3499999999999,3183.0,15.81903864278982
88411c1123fffff,10.050000000000002,38.0,11.894736842105264
88411c1515fffff,42.65,704.0,16.19034090909091
88411c3303fffff,1.6,279.0,24.906810035842295
88411c30edfffff,15.899999999999999,457.0,16.708971553610503
88411cc6cdfffff,0.05,54.0,9.092592592592593
88411c1ae3fffff,19.750000000000004,176.0,9.647727272727273
88411c14dbfffff,133.54999999999998,2052.0,14.206627680311891
88411cc4b7fffff,0.05,8.0,16.875
88411caabbfffff,72.55,1620.0,22.983333333333334
88411c04d9fffff,5.35,24.0,12.958333333333334
88411c15d5fffff,38.45,130.0,26.307692307692307
88411cc693fffff,0.0,28.0,14.285714285714286
88411caa81fffff,8.25,1735.0,24.98386167146974
88411ca86bfffff,0.0,14.0,19.0
88411cac5dfffff,1.2,295.0,17.545762711864406
88411c346bfffff,25.800000000000004,456.0,19.57675438596491
88411caa47fffff,83.04999999999998,16255.0,20.721747154721623
88411c3255fffff,0.1,68.0,14.838235294117647
88411c1859fffff,17.05,108.0,11.064814814814815
88411c2253fffff,93.19999999999999,938.0,19.1727078891258
88411cac23fffff,34.25000000000001,716.0,20.706703910614525
88411c0641fffff,15.35,226.0,18.743362831858406
88411c142dfffff,0.1,345.0,14.936231884057971
88411c042bfffff,0.1,7.0,38.714285714285715
88411c321bfffff,68.9,435.0,21.12183908045977
88411c3005fffff,7.8500000000000005,384.0,16.2734375
88411c0005fffff,7.95,28.0,18.071428571428573
88411c0607fffff,1.8000000000000003,97.0,17.95876288659794
88411c31e1fffff,23.75,229.0,19.96069868995633
88411c11ddfffff,5.4,110.0,20.263636363636362
88411c060dfffff,1.9,83.0,15.602409638554217
88411ca1b5fffff,47.20000000000001,12532.0,21.622646026172998
88411c31a7fffff,24.250000000000004,547.0,18.03656307129799
88411cad8bfffff,55.24999999999999,996.0,18.80421686746988
88411c11a3fffff,2.5499999999999994,86.0,14.895348837209303
88411c300bfffff,0.9500000000000001,130.0,16.23076923076923
88411caf67fffff,71.80000000000001,2724.0,17.36894273127753
88411c021bfffff,39.800000000000004,874.0,16.669336384439358
88411c155bfffff,5.85,11.0,16.90909090909091
88411c3349fffff,152.4,1500.0,21.27
88411ca925fffff,20.150000000000002,1319.0,18.770280515542076
88411c373bfffff,139.95000000000002,762.0,16.8503937007874
88411cae05fffff,16.6,1308.0,22.95336391437309
88411c1737fffff,0.0,222.0,20.88738738738739
88411c3133fffff,0.35,323.0,19.507739938080494
88411c3221fffff,18.75,608.0,16.904605263157894
88411c3525fffff,50.55,724.0,18.814917127071823
88411c1521fffff,15.700000000000001,1090.0,20.621100917431193
88411cab01fffff,0.05,23.0,24.869565217391305
88411c230dfffff,7.9,105.0,17.466666666666665
88411c130bfffff,15.95,6.0,27.166666666666668
88411ca8ebfffff,7.449999999999998,6.0,16.833333333333332
88411caa13fffff,210.24999999999997,4115.0,21.486269744835965
88411c3701fffff,116.95000000000002,535.0,10.588785046728972
88411c0309fffff,14.05,37.0,17.27027027027027
88411c1433fffff,7.099999999999999,474.0,17.075949367088608
88411cc6d9fffff,0.2,5.0,21.8
88411caac7fffff,40.1,2008.0,21.883964143426294
88411c32d5fffff,0.0,2.0,27.5
88411c1a3bfffff,1.25,32.0,23.5625
88411c18d9fffff,0.15,58.0,15.655172413793103
88411ca8b1fffff,0.2,1.0,22.0
88411c0647fffff,50.75,74.0,18.64864864864865
88411c1ab5fffff,1.4500000000000002,15.0,17.066666666666666
88411cac29fffff,169.85,2598.0,18.32871439568899
88411c3045fffff,0.45,142.0,21.753521126760564
88411c14adfffff,1.6,195.0,21.661538461538463
88411caa8dfffff,16.099999999999998,334.0,25.29940119760479
88411c0255fffff,28.4,173.0,23.341040462427745
88411c3085fffff,8.25,450.0,20.622222222222224
88411c364dfffff,0.15,13.0,40.15384615384615
88411ca837fffff,0.0,8.0,15.75
88411c1689fffff,4.749999999999999,377.0,17.75862068965517
88411c0687fffff,48.550000000000004,502.0,17.38645418326693
88411c2259fffff,13.850000000000003,709.0,18.172073342736248
88411ca83dfffff,5.199999999999999,51.0,16.019607843137255
88411c325bfffff,22.399999999999995,126.0,18.150793650793652
88411c304bfffff,98.15000000000002,921.0,17.07600434310532
88411caa19fffff,152.4,8555.0,24.275394506136763
88411cae0bfffff,19.95,469.0,25.81449893390192
88411c0221fffff,45.150000000000006,1729.0,16.880277617119724
88411c3011fffff,16.250000000000004,90.0,16.988888888888887
88411c1615fffff,0.4,200.0,18.195
88411c0613fffff,1.25,902.0,20.425720620842572
88411c000bfffff,68.65,168.0,22.5
88411c31edfffff,10.299999999999997,312.0,19.759615384615383
88411c0681fffff,33.8,525.0,19.403809523809525
88411c15dbfffff,6.35,35.0,20.6
88411c1683fffff,29.250000000000004,1725.0,21.780289855072464
88411c31b3fffff,105.35,139.0,15.81294964028777
88411cad97fffff,0.0,2.0,28.0
88411ca187fffff,0.5,902.0,23.155210643015522
88411ca96bfffff,35.800000000000004,2863.0,21.12609151239958
88411cad5dfffff,2.4,81.0,17.45679012345679
88411c1567fffff,18.150000000000002,27.0,18.037037037037038
88411cab47fffff,39.650000000000006,2153.0,21.578262888992104
88411c3355fffff,12.25,796.0,20.584170854271356
88411caf39fffff,25.6,3354.0,23.794871794871796
88411ca931fffff,9.899999999999999,2039.0,23.227072094163805
88411c3747fffff,13.850000000000001,1137.0,13.685136323658751
88411c113bfffff,72.24999999999999,164.0,14.53048780487805
88411c152dfffff,0.15000000000000002,279.0,15.56989247311828
88411cab0dfffff,14.8,99.0,19.161616161616163
88411c331bfffff,21.4,218.0,18.045871559633028
88411c2319fffff,5.3500000000000005,195.0,13.425641025641026
88411c370dfffff,70.75,749.0,15.869158878504672
88411c0315fffff,59.45000000000001,455.0,20.134065934065934
88411c14a7fffff,10.85,348.0,18.945402298850574
88411c3105fffff,5.0,35.0,14.742857142857142
88411c1709fffff,74.60000000000001,281.0,13.441281138790035
88411c1101fffff,1.3,30.0,17.633333333333333
88411caad3fffff,1.0,1086.0,19.352670349907918
88411c3ac5fffff,4.8,35.0,19.17142857142857
88411caa99fffff,88.6,1843.0,17.499728703201303
88411c18abfffff,2.4,30.0,14.8
88411c02c9fffff,33.199999999999996,231.0,15.865800865800866
88411ca8abfffff,6.75,53.0,10.30188679245283
88411c02a1fffff,1.25,49.0,16.510204081632654
88411c1695fffff,79.25,4076.0,22.51422963689892
88411c0693fffff,8.1,142.0,18.901408450704224
88411c22cdfffff,10.55,308.0,20.964285714285715
88411c18d3fffff,51.64999999999999,173.0,12.959537572254336
88411c226bfffff,39.449999999999996,327.0,17.39755351681957
88411c0267fffff,4.0,66.0,16.333333333333332
88411cac3bfffff,13.35,1328.0,18.876506024096386
88411c0659fffff,32.15,65.0,22.953846153846154
88411c3449fffff,0.0,85.0,16.28235294117647
88411c14e1fffff,45.35,643.0,17.631415241057542
88411c0051fffff,49.95000000000001,57.0,15.228070175438596
88411c3233fffff,76.85000000000002,115.0,16.782608695652176
88411c022dfffff,13.8,133.0,15.496240601503759
88411cac01fffff,317.49999999999994,3763.0,16.220302949774116
88411c1a13fffff,4.75,519.0,17.82466281310212
88411ca9ebfffff,93.75000000000001,4097.0,22.5984866975836
88411cc6d3fffff,0.1,5.0,26.0
88411c0409fffff,42.449999999999996,180.0,19.433333333333334
88411cada3fffff,0.1,133.0,20.796992481203006
88411c11bbfffff,10.4,70.0,15.842857142857143
88411ca193fffff,79.65000000000002,4942.0,19.899028733306352
88411c0303fffff,2.8000000000000003,63.0,17.253968253968253
88411cad69fffff,2.65,14.0,21.642857142857142
88411c1305fffff,17.1,28.0,12.214285714285714
88411c1181fffff,7.3,223.0,16.556053811659194
88411cab53fffff,2.55,5065.0,23.349851924975322
88411caf45fffff,119.75000000000003,5563.0,22.0285817005213
88411c2307fffff,0.44999999999999996,49.0,19.6734693877551
88411ca93dfffff,20.000000000000004,1364.0,19.444281524926687
88411c353dfffff,9.85,309.0,20.035598705501616
88411c1539fffff,9.350000000000001,298.0,22.47986577181208
88411cab19fffff,24.800000000000004,2836.0,22.437588152327223
88411c3327fffff,0.6500000000000001,49.0,20.20408163265306
88411c3719fffff,99.25,2096.0,19.53769083969466
88411c0713fffff,0.35,32.0,19.0625
88411c110dfffff,0.0,36.0,22.27777777777778
88411c3503fffff,37.05,711.0,17.9943741209564
88411cc4dbfffff,13.45,204.0,9.176470588235293
88411c1129fffff,2.4,40.0,15.3
88411c32edfffff,48.050000000000004,323.0,20.30030959752322
88411c02e7fffff,64.95,641.0,21.073322932917318
88411c30d7fffff,27.200000000000003,706.0,17.161473087818695
88411cad11fffff,5.8,5.0,25.2
88411c1731fffff,0.65,60.0,19.15
88411c312dfffff,0.0,5.0,23.8
88411c06d9fffff,37.6,6239.0,21.915851899342844
88411c033dfffff,17.35,166.0,14.819277108433734
88411c04c3fffff,24.25,928.0,15.936422413793103
88411c309dfffff,54.150000000000006,795.0,16.470440251572327
88411caf27fffff,2.5500000000000003,669.0,22.026905829596412
88411c1a93fffff,0.9500000000000001,73.0,16.80821917808219
88411ca52dfffff,1.15,2.0,19.5
88411c148bfffff,21.0,845.0,16.697041420118342
88411c0489fffff,28.4,847.0,16.70956316410862
88411c3063fffff,0.45,268.0,16.115671641791046
88411c1555fffff,91.4,261.0,15.574712643678161
88411cac47fffff,63.50000000000001,3887.0,18.463853871880627
88411c0665fffff,31.25,296.0,12.513513513513514
88411c005dfffff,33.5,706.0,16.71388101983003
88411c0161fffff,0.15000000000000002,4.0,13.25
88411c1843fffff,20.349999999999998,42.0,16.642857142857142
88411c3559fffff,30.55,606.0,18.602310231023104
88411cae23fffff,8.4,57.0,19.140350877192983
88411c0239fffff,63.1,1607.0,16.846297448662103
88411c3029fffff,22.6,264.0,20.946969696969695
88411cac0dfffff,175.00000000000003,3569.0,15.661249649761839
88411c8955fffff,12.950000000000001,5.0,24.0
88411c1025fffff,0.1,3.0,21.0
88411c1417fffff,17.1,648.0,14.316358024691358
88411c0415fffff,2.6500000000000004,163.0,19.171779141104295
88411c1809fffff,9.050000000000002,16.0,24.75
88411ca959fffff,16.8,4526.0,24.13941670349094
88411cade9fffff,0.39999999999999997,429.0,19.47086247086247
88411ca9bdfffff,64.85000000000001,2976.0,26.630040322580644
88411c11c7fffff,66.39999999999999,455.0,14.705494505494505
88411c15b9fffff,45.550000000000004,281.0,16.775800711743774
88411caf61fffff,30.500000000000007,2319.0,20.755066839154807
88411c118dfffff,62.25,315.0,14.876190476190477
88411caf51fffff,52.35000000000001,3587.0,19.00808475048787
88411c236bfffff,0.25,60.0,17.35
88411c1369fffff,0.3,90.0,10.955555555555556
88411ca949fffff,0.05,3.0,35.0
88411c1153fffff,0.0,2.0,9.5
88411cab25fffff,87.85,437.0,19.137299771167047
88411c3725fffff,27.4,1034.0,17.754352030947775
88411c311dfffff,9.25,169.0,15.349112426035504
88411c890bfffff,0.39999999999999997,20.0,19.9
88411c1119fffff,4.0,145.0,18.075862068965517
88411cad85fffff,3.3499999999999996,766.0,20.75065274151436
88411c150bfffff,11.3,425.0,15.24705882352941
88411ca8d5fffff,61.39999999999999,1851.0,17.97947055645597
88411c31a1fffff,61.599999999999994,454.0,13.852422907488986
88411c30e3fffff,0.45,127.0,21.37795275590551
88411c3addfffff,5.9,24.0,18.125
88411c06e5fffff,1.65,48.0,16.166666666666668
88411c18c3fffff,0.4,13.0,17.846153846153847
88411c30a9fffff,0.05,11.0,22.454545454545453
88411cc689fffff,6.65,130.0,8.815384615384616
88411c10a5fffff,6.950000000000001,36.0,20.38888888888889
88411c1497fffff,25.85,496.0,18.93548387096774
88411c1889fffff,0.0,9.0,17.88888888888889
88411cae69fffff,184.74999999999997,7059.0,20.158521036974076
88411c0069fffff,32.349999999999994,33.0,15.93939393939394
88411c145dfffff,47.55,14.0,25.214285714285715
88411c15c9fffff,78.74999999999999,1281.0,17.711163153786103
88411ca827fffff,205.44999999999996,4055.0,20.65869297163995
88411c0245fffff,20.200000000000003,282.0,18.574468085106382
88411c3035fffff,23.250000000000004,284.0,17.45774647887324
88411cc615fffff,3.15,18.0,16.333333333333332
88411cac19fffff,10.25,264.0,17.833333333333332
88411c11d7fffff,19.250000000000004,59.0,16.8135593220339
88411caa03fffff,18.5,3910.0,21.006649616368286
88411c3211fffff,41.75,483.0,18.169772256728777
88411ca9c9fffff,134.05,2160.0,22.443981481481483
88411cadbbfffff,39.7,245.0,16.808163265306124
88411c319dfffff,1.0499999999999998,78.0,15.205128205128204
88411c1199fffff,4.699999999999999,1.0,15.0
88411ca9cdfffff,163.65000000000003,3176.0,21.032115869017634
88411c158bfffff,0.05,29.0,21.896551724137932
88411caf5dfffff,3.0500000000000007,5309.0,21.45394612921454
88411ca955fffff,128.9,4387.0,25.020743104627307
88411c376bfffff,9.1,301.0,18.574750830564785
88411c3163fffff,0.1,12.0,11.833333333333334
88411cab31fffff,0.0,310.0,22.57741935483871
88411caf23fffff,3.35,3218.0,21.426351771286512
88411c3129fffff,8.3,13.0,21.53846153846154
88411c351bfffff,2.45,4.0,22.0
88411c1517fffff,7.4,209.0,16.349282296650717
88411c3ae9fffff,5.8,6.0,26.666666666666668
88411c1ae5fffff,19.900000000000002,151.0,12.013245033112582
88411c14ddfffff,73.94999999999999,2097.0,19.473533619456365
88411c2213fffff,18.900000000000002,32.0,20.9375
88411c22c9fffff,12.8,47.0,19.0
88411ca8a7fffff,14.75,35.0,11.114285714285714
88411c02c5fffff,148.04999999999998,647.0,15.863987635239567
88411c30b5fffff,19.650000000000002,546.0,17.435897435897434
88411c16b9fffff,60.8,1525.0,20.691147540983607
88411c06b7fffff,34.85,243.0,20.246913580246915
88411c1aabfffff,10.8,44.0,14.386363636363637
88411c14a3fffff,49.5,759.0,21.87615283267457
88411c1427fffff,117.90000000000002,1309.0,14.923605805958747
88411caa83fffff,36.1,1995.0,23.316290726817044
88411c3291fffff,95.0,80.0,13.275
88411c1895fffff,21.3,23.0,17.304347826086957
88411ca86dfffff,1.5000000000000002,212.0,22.452830188679247
88411c8869fffff,1.5000000000000002,1.0,32.0
88411c346dfffff,137.45000000000002,1053.0,17.329534662867996
88411c3257fffff,2.1,248.0,17.97983870967742
88411c185bfffff,43.24999999999999,133.0,8.706766917293233
88411c0251fffff,0.0,93.0,19.225806451612904
88411c063bfffff,3.1500000000000004,221.0,19.665158371040725
88411c1645fffff,24.299999999999997,456.0,12.131578947368421
88411c3039fffff,62.650000000000006,468.0,16.568376068376068
88411cac25fffff,49.300000000000004,784.0,21.804846938775512
88411c1a37fffff,0.7000000000000001,107.0,13.102803738317757
88411ca82bfffff,68.3,2052.0,19.25194931773879
88411c221bfffff,12.250000000000002,253.0,20.52173913043478
88411c224dfffff,30.249999999999996,585.0,17.23247863247863
88411ca9d5fffff,5.65,144.0,21.79861111111111
88411c31e3fffff,36.15,676.0,16.87721893491124
88411c1853fffff,16.000000000000004,205.0,15.585365853658537
88411ca1b7fffff,54.35,5819.0,18.552844131294037
88411c31a9fffff,100.14999999999999,661.0,15.511346444780635
88411caa41fffff,27.299999999999997,3149.0,18.545570022229278
88411ca961fffff,19.000000000000004,1091.0,29.796516956920257
88411c895dfffff,38.04999999999999,5.0,28.2
88411cad53fffff,5.750000000000001,645.0,20.610852713178293
88411c3561fffff,77.05,948.0,14.970464135021096
88411c0169fffff,0.0,202.0,16.861386138613863
88411c006dfffff,17.55,15.0,20.533333333333335
88411c3465fffff,42.3,1139.0,18.40825285338016
88411c334bfffff,239.70000000000002,1476.0,16.023712737127372
88411c2349fffff,8.500000000000002,395.0,18.058227848101264
88411c1347fffff,0.05,36.0,19.97222222222222
88411c373dfffff,64.0,1375.0,17.66109090909091
88411c0345fffff,16.900000000000002,83.0,16.879518072289155
88411c1739fffff,0.2,31.0,14.903225806451612
88411cac57fffff,9.299999999999999,1377.0,16.74001452432825
88411c3135fffff,2.3499999999999996,43.0,19.302325581395348
88411c8923fffff,7.0,43.0,14.976744186046512
88411c1523fffff,47.95,305.0,20.059016393442622
88411cab03fffff,1.9499999999999997,254.0,21.87007874015748
88411c3311fffff,28.650000000000002,313.0,16.881789137380192
88411c130dfffff,1.3000000000000003,95.0,16.57894736842105
88411c3703fffff,1.6,1808.0,15.6570796460177
88411c030bfffff,42.85,258.0,18.775193798449614
88411c14e9fffff,134.20000000000002,1287.0,19.23931623931624
88411c32d7fffff,0.2,193.0,11.689119170984457
88411c18dbfffff,13.950000000000001,132.0,14.787878787878787
88411cae6dfffff,190.04999999999998,7700.0,16.914935064935065
88411ca8b3fffff,3.8999999999999995,157.0,21.006369426751593
88411c30c1fffff,0.6000000000000001,3.0,13.333333333333334
88411caca5fffff,0.45,36.0,19.52777777777778
88411c10bdfffff,0.8000000000000002,2.0,17.5
88411c1ab7fffff,0.15000000000000002,42.0,14.714285714285714
88411caa55fffff,153.75,4291.0,19.99394080633885
88411c2261fffff,14.149999999999999,539.0,18.474953617810762
88411c025dfffff,0.0,80.0,20.5625
88411cac31fffff,72.00000000000001,2651.0,15.179554884949075
88411c16b1fffff,53.45,2679.0,20.612541993281074
88411c0047fffff,47.85,283.0,19.24028268551237
88411caa1bfffff,273.40000000000003,11983.0,21.53901360260369
88411c3229fffff,0.05,214.0,12.228971962616823
88411cae0dfffff,37.3,1316.0,21.872340425531913
88411c2227fffff,85.39999999999999,284.0,15.059859154929578
88411ca805fffff,1.35,1988.0,26.171529175050303
88411c0223fffff,152.95000000000002,1595.0,14.429467084639498
88411c3013fffff,1.15,41.0,13.78048780487805
88411ca9e1fffff,224.14999999999998,5176.0,20.14354714064915
88411c18c7fffff,5.35,1.0,29.0
88411cadd3fffff,26.45,99.0,21.050505050505052
88411c05dbfffff,0.30000000000000004,97.0,19.762886597938145
88411cb9a9fffff,46.24999999999999,7994.0,19.306980235176383
88411c04d3fffff,20.799999999999994,402.0,16.087064676616915
88411caab5fffff,0.45,12.0,17.666666666666668
88411c14d5fffff,77.20000000000002,2150.0,15.425116279069767
88411ca0bbfffff,7.800000000000002,31.0,21.451612903225808
88411c356dfffff,112.25000000000001,721.0,17.529819694868237
88411c1addfffff,2.9,76.0,21.657894736842106
88411c1569fffff,0.0,70.0,18.071428571428573
88411c3357fffff,3.0499999999999994,540.0,18.11111111111111
88411caf3bfffff,65.25,2617.0,17.49789835689721
88411c2355fffff,5.1000000000000005,342.0,16.51169590643275
88411cc6c7fffff,15.15,216.0,10.185185185185185
88411c3749fffff,0.35000000000000003,2.0,31.5
88411c0351fffff,97.84999999999998,502.0,16.916334661354583
88411c1745fffff,31.749999999999996,161.0,12.360248447204969
88411cad25fffff,27.250000000000004,712.0,18.89325842696629
88411caf01fffff,5.3999999999999995,525.0,23.04952380952381
88411c0317fffff,69.64999999999999,274.0,18.412408759124087
88411c1103fffff,0.0,176.0,18.454545454545453
88411c02ddfffff,1.5000000000000002,126.0,20.246031746031747
88411c16d1fffff,87.75,3677.0,20.02175686701115
88411caa9bfffff,94.05,6593.0,20.60685575610496
88411c32a9fffff,0.25,54.0,17.77777777777778
88411ca885fffff,1.9500000000000002,47.0,16.25531914893617
88411c3a8dfffff,2.1,18.0,23.0
88411caa61fffff,108.9,7596.0,23.040679304897314
88411ca84bfffff,139.60000000000002,1825.0,17.04931506849315
88411c3661fffff,0.0,8.0,20.75
88411cac3dfffff,121.60000000000001,2000.0,20.7625
88411c3121fffff,0.35000000000000003,2.0,17.5
88411c065bfffff,2.0500000000000003,638.0,29.547021943573668
88411c344bfffff,0.05,38.0,16.81578947368421
88411c0053fffff,46.35,21.0,17.61904761904762
88411c0331fffff,31.000000000000004,156.0,17.26923076923077
88411c3729fffff,91.9,696.0,17.294540229885058
88411c0445fffff,13.6,162.0,22.030864197530864
88411c3235fffff,113.45000000000003,762.0,13.5997375328084
88411ca811fffff,0.0,2543.0,18.784899724734565
88411caf1bfffff,27.85,2108.0,21.159867172675522
88411cac03fffff,155.24999999999997,5718.0,17.71493529206016
88411c3337fffff,0.0,80.0,22.0125
88411c3a19fffff,0.0,10.0,21.8
88411c0621fffff,71.2,440.0,16.686363636363637
88411c040bfffff,29.500000000000007,147.0,13.70748299319728
88411c15e9fffff,2.5999999999999996,97.0,13.793814432989691
88411cab29fffff,10.600000000000001,42.0,19.071428571428573
88411cb9b5fffff,117.1,3743.0,18.047822602190756
88411ca9b3fffff,0.4,227.0,17.273127753303964
88411c1549fffff,0.0,2.0,31.0
88411c31c1fffff,2.0,391.0,17.48849104859335
88411cada5fffff,41.00000000000001,426.0,14.246478873239436
88411c3187fffff,103.64999999999999,892.0,13.174887892376681
88411c354dfffff,71.69999999999999,1230.0,15.715447154471544
88411c1183fffff,11.700000000000001,310.0,18.970967741935485
88411c075dfffff,15.25,254.0,15.220472440944881
88411caf47fffff,107.94999999999999,19101.0,24.18433589864405
88411c3755fffff,50.00000000000001,1515.0,12.574257425742575
88411c315bfffff,2.55,317.0,17.050473186119874
88411c035dfffff,29.450000000000006,438.0,17.78538812785388
88411c1751fffff,0.5,48.0,19.9375
88411c893bfffff,0.0,4.0,16.25
88411c1149fffff,0.0,1.0,19.0
88411c0147fffff,5.049999999999999,14.0,16.714285714285715
88411ca94dfffff,0.05,705.0,26.323404255319147
88411c153bfffff,10.900000000000002,101.0,18.415841584158414
88411cab1bfffff,85.60000000000001,7018.0,25.31119977201482
88411caf0dfffff,30.200000000000003,3740.0,20.66951871657754
88411ca905fffff,79.75,2511.0,19.50179211469534
88411c371bfffff,49.150000000000006,143.0,17.895104895104897
88411c1717fffff,0.25,58.0,18.79310344827586
88411c8901fffff,0.0,11.0,15.090909090909092
88411c3505fffff,86.75,1042.0,16.607485604606527
88411c1501fffff,4.7,735.0,20.782312925170068
88411caae1fffff,21.2,2457.0,21.035002035002034
88411ca8cbfffff,0.0,6.0,14.5
88411c30d9fffff,0.2,87.0,21.57471264367816
88411caaa7fffff,0.15000000000000002,7.0,17.857142857142858
88411c18b9fffff,1.35,2.0,21.5
88411ca891fffff,0.2,130.0,16.192307692307693
88411c1191fffff,1.3499999999999999,278.0,19.16187050359712
88411c16a3fffff,0.35000000000000003,7.0,24.714285714285715
88411c3a99fffff,0.0,169.0,17.49112426035503
88411c06a1fffff,23.950000000000003,426.0,14.55868544600939
88411caa6dfffff,120.75,8754.0,17.912497144162668
88411c3195fffff,17.400000000000002,728.0,15.570054945054945
88411c048bfffff,46.05,248.0,13.576612903225806
88411c3065fffff,0.05,11.0,23.181818181818183
88411c0667fffff,54.699999999999996,449.0,14.928730512249443
88411c0451fffff,43.25000000000001,904.0,20.207964601769913
88411ca81dfffff,0.0,26.0,23.307692307692307
88411c023bfffff,133.15,1597.0,19.035691922354413
88411c302bfffff,6.099999999999999,651.0,17.135176651305684
88411c062dfffff,40.30000000000001,310.0,15.07741935483871
88411c1419fffff,20.8,80.0,18.7125
88411c0417fffff,17.799999999999997,89.0,19.9438202247191
88411c3207fffff,4.8999999999999995,353.0,12.44759206798867
88411cadebfffff,20.299999999999997,926.0,22.603671706263498
88411c2205fffff,18.05,277.0,19.108303249097474
88411c0201fffff,0.45,98.0,18.56122448979592
88411c31cdfffff,2.5,136.0,15.691176470588236
88411cadb1fffff,103.4,1230.0,18.74390243902439
88411ca1a3fffff,6.3999999999999995,19746.0,24.515446166312163
88411c15bbfffff,19.85,462.0,16.696969696969695
88411ca985fffff,83.10000000000002,4592.0,25.08427700348432
88411c3193fffff,20.750000000000004,580.0,17.532758620689656
88411cab61fffff,74.35,1115.0,20.92914798206278
88411caf53fffff,171.85000000000005,3484.0,20.90183696900115
88411c136bfffff,1.1,40.0,9.85
88411c0369fffff,9.85,2.0,23.0
88411c3159fffff,6.449999999999999,54.0,14.518518518518519
88411c175dfffff,1.65,45.0,14.333333333333334
88411c354bfffff,38.2,953.0,17.578174186778593
88411c3335fffff,0.0,7.0,29.571428571428573
88411ca9c1fffff,124.25,3884.0,23.001287332646754
88411caf19fffff,19.849999999999998,1900.0,22.196315789473683
88411ca911fffff,22.65,6375.0,21.592
88411c3727fffff,84.0,645.0,17.244961240310076
88411c111bfffff,4.45,53.0,17.735849056603772
88411caaedfffff,6.1000000000000005,1463.0,20.340396445659604
88411cc6c5fffff,0.2,43.0,10.69767441860465
88411c06e7fffff,6.6,234.0,20.683760683760685
88411ca0b9fffff,0.35,87.0,21.919540229885058
88411c14d3fffff,251.75,3373.0,16.21108805217907
88411c04d1fffff,18.950000000000003,1055.0,19.777251184834125
88411c12bdfffff,12.75,5.0,8.4
88411c30abfffff,0.9500000000000001,319.0,22.225705329153605
88411c06adfffff,27.400000000000002,657.0,18.512937595129376
88411c0203fffff,12.899999999999999,637.0,17.95133437990581
88411c188bfffff,0.55,56.0,14.214285714285714
88411cae6bfffff,44.5,2966.0,19.360418071476737
88411ca863fffff,22.150000000000002,4467.0,23.218043429594807
88411c0281fffff,26.1,6.0,14.166666666666666
88411c2207fffff,102.05,213.0,19.624413145539908
88411c3463fffff,2.9,51.0,25.19607843137255
88411c045dfffff,10.95,321.0,18.35514018691589
88411c0419fffff,154.0,456.0,16.25
88411c0247fffff,15.4,243.0,23.707818930041153
88411c3037fffff,33.35,189.0,16.56084656084656
88411c0639fffff,0.44999999999999996,51.0,16.11764705882353
88411c1425fffff,3.65,1171.0,12.269000853970965
88411c3213fffff,43.35000000000001,164.0,22.432926829268293
88411c2211fffff,41.35000000000001,118.0,18.940677966101696
88411c020dfffff,31.2,266.0,18.082706766917294
88411c31d9fffff,1.7500000000000002,128.0,17.0
88411cadbdfffff,11.45,479.0,15.995824634655532
88411c119bfffff,5.95,41.0,26.097560975609756
88411cab6dfffff,59.199999999999996,3613.0,20.690008303349018
88411ca565fffff,15.849999999999998,43.0,26.302325581395348
88411c376dfffff,0.7000000000000001,141.0,17.79432624113475
88411c2241fffff,112.80000000000001,940.0,13.581914893617022
88411cad49fffff,38.95,602.0,19.825581395348838
88411c1847fffff,12.0,12.0,16.75
88411c3243fffff,4.700000000000001,14.0,29.785714285714285
88411c1553fffff,10.700000000000001,1030.0,12.61747572815534
88411cab33fffff,0.0,6932.0,25.693594922100402
88411caf25fffff,135.00000000000003,264.0,14.007575757575758
88411c133dfffff,7.300000000000001,60.0,18.15
88411ca91dfffff,105.85000000000001,2494.0,20.240978348035284
88411caa35fffff,103.9,2486.0,18.14682220434433
88411c3733fffff,73.35000000000001,1210.0,15.925619834710744
88411c1455fffff,9.85,57.0,21.403508771929825
88411c312bfffff,0.3,2.0,18.5
88411c351dfffff,39.699999999999996,251.0,18.54980079681275
88411c0061fffff,0.0,5.0,20.8
88411c1a5dfffff,0.4,4.0,22.0
88411c2305fffff,0.1,26.0,17.73076923076923
88411ca8e3fffff,0.6500000000000001,5.0,15.8
88411cc6d1fffff,0.0,3.0,8.666666666666666
88411c3aebfffff,0.15000000000000002,5.0,18.0
88411cac4bfffff,31.6,1768.0,19.37839366515837
88411c18d1fffff,42.400000000000006,88.0,15.318181818181818
88411c02c7fffff,35.699999999999996,459.0,20.675381263616558
88411c30b7fffff,60.550000000000004,414.0,15.845410628019323
88411c16bbfffff,93.44999999999999,1281.0,20.24590163934426
88411cc697fffff,0.0,22.0,13.863636363636363
88411c06b9fffff,44.15,330.0,21.175757575757576
88411c1aadfffff,108.25000000000001,202.0,13.054455445544555
88411c14a5fffff,0.4,5.0,19.2
88411cae61fffff,157.80000000000004,2248.0,17.984430604982208
88411c028dfffff,65.35,709.0,23.15373765867419
88411c1681fffff,0.6,14.0,19.928571428571427
88411cac61fffff,136.75000000000003,3306.0,17.40834845735027
88411c3259fffff,3.6500000000000004,557.0,16.55116696588869
88411c2257fffff,34.55,647.0,18.227202472952087
88411cac27fffff,88.3,1884.0,23.599256900212314
88411c0645fffff,52.599999999999994,951.0,18.145110410094638
88411c1431fffff,0.49999999999999994,203.0,19.8128078817734
88411c1a97fffff,0.0,7.0,21.0
88411cae03fffff,5.25,25.0,24.32
88411c0219fffff,29.000000000000004,690.0,14.256521739130434
88411c160dfffff,41.35,181.0,12.359116022099448
88411c06a3fffff,127.05000000000001,496.0,18.074596774193548
88411c16a5fffff,0.1,247.0,17.530364372469634
88411c31e5fffff,13.75,234.0,17.28205128205128
88411cadc9fffff,38.45,1315.0,17.873764258555134
88411c11e1fffff,124.55000000000001,180.0,13.833333333333334
88411ca1b9fffff,17.349999999999998,5918.0,19.785400473132814
88411c15d3fffff,22.750000000000004,127.0,20.866141732283463
88411c31abfffff,36.75,816.0,13.079656862745098
88411c1599fffff,6.65,69.0,19.0
88411ca963fffff,19.400000000000002,1565.0,20.761661341853035
88411cad55fffff,1.4,264.0,19.738636363636363
88411c3563fffff,80.29999999999998,825.0,14.332121212121212
88411caf31fffff,34.0,4853.0,18.996084895940655
88411c234bfffff,53.25,334.0,17.281437125748504
88411c04c7fffff,23.700000000000003,220.0,17.545454545454547
88411caaa9fffff,0.1,48.0,16.75
88411c3137fffff,2.0,75.0,20.226666666666667
88411c14c9fffff,0.8,1272.0,19.4874213836478
88411c1133fffff,6.7,472.0,17.218220338983052
88411c3529fffff,55.9,564.0,17.163120567375888
88411c3313fffff,1.05,19.0,19.263157894736842
88411c1ad1fffff,2.0500000000000003,67.0,19.761194029850746
88411c2311fffff,0.0,11.0,13.636363636363637
88411c030dfffff,0.05,1.0,19.0
88411c1701fffff,4.3999999999999995,101.0,9.643564356435643
88411cc6ddfffff,1.0999999999999999,257.0,7.5136186770428015
88411c06ddfffff,64.10000000000001,5562.0,20.96727795756922
88411c3ad5fffff,13.8,15.0,14.8
88411c14ebfffff,120.35,1758.0,18.88225255972696
88411c04e9fffff,0.44999999999999996,339.0,21.300884955752213
88411c02ebfffff,22.95,325.0,19.141538461538463
88411caca7fffff,0.6000000000000001,15.0,17.933333333333334
88411c06c5fffff,12.250000000000002,473.0,22.56659619450317
88411c1ab9fffff,0.0,2.0,11.5
88411c14b1fffff,0.1,14.0,31.857142857142858
88411c18a3fffff,0.0,24.0,25.916666666666668
88411c3089fffff,0.35000000000000003,356.0,18.5561797752809
88411c168dfffff,15.5,139.0,10.172661870503598
88411cac6dfffff,127.00000000000001,3740.0,16.610160427807486
88411cae49fffff,109.4,694.0,14.44956772334294
88411cac33fffff,54.95,2264.0,15.912102473498233
88411c143dfffff,37.0,1317.0,20.808656036446468
88411caa1dfffff,19.7,3886.0,17.924343798250128
88411ca807fffff,3.4000000000000004,2.0,29.0
88411c0225fffff,76.20000000000002,1283.0,13.52766952455183
88411c3015fffff,28.9,427.0,16.173302107728336
88411c3115fffff,135.50000000000003,317.0,16.293375394321767
88411ca9e3fffff,146.60000000000002,2727.0,18.935826916024936
88411c0325fffff,65.3,348.0,11.781609195402298
88411cadd5fffff,69.75,3231.0,19.56917363045497
88411ca907fffff,87.6,6429.0,24.54176388240784
88411c11edfffff,68.30000000000001,245.0,13.004081632653062
88411c1327fffff,0.05,2.0,9.5
88411cb9abfffff,243.80000000000004,12678.0,20.33609402113898
88411ca9a9fffff,192.04999999999998,1783.0,21.699383062254626
88411c11b3fffff,3.1,84.0,16.142857142857142
88411c332bfffff,0.0,37.0,22.756756756756758
88411cad61fffff,14.350000000000001,42.0,17.80952380952381
88411c156bfffff,23.150000000000002,117.0,20.136752136752136
88411cab4bfffff,134.45000000000002,5757.0,24.551676220253604
88411c2357fffff,25.449999999999996,359.0,16.200557103064067
88411ca935fffff,68.8,1633.0,23.932639314145742
88411c153dfffff,20.6,326.0,21.726993865030675
88411c374bfffff,0.0,616.0,17.413961038961038
88411c3143fffff,0.05,73.0,19.78082191780822
88411c1747fffff,65.0,299.0,10.357859531772576
88411c3541fffff,113.35,1558.0,14.571245186136071
88411caf03fffff,27.000000000000004,954.0,23.4895178197065
88411c231dfffff,19.849999999999998,78.0,14.987179487179487
88411c3711fffff,129.75000000000003,1901.0,18.31930562861652
88411c0751fffff,131.45000000000002,615.0,14.487804878048781
88411c0319fffff,108.5,736.0,14.282608695652174
88411c3109fffff,0.2,9.0,12.0
88411c893dfffff,10.2,6.0,13.833333333333334
88411cacedfffff,1.9000000000000001,50.0,20.38
88411caad7fffff,43.699999999999996,1323.0,17.26530612244898
88411c32e5fffff,15.949999999999998,48.0,19.875
88411c3757fffff,87.94999999999999,2003.0,16.799800299550675
88411ca941fffff,0.05,6471.0,24.164734971410912
88411ca8c1fffff,0.5,1451.0,15.450034458993798
88411c16d3fffff,192.85,3848.0,17.290800415800415
88411c3ac9fffff,2.3,165.0,20.036363636363635
88411c06d1fffff,106.94999999999999,6778.0,21.316465033933312
88411c1ac5fffff,4.800000000000001,193.0,18.528497409326423
88411c14bdfffff,2.2499999999999996,103.0,19.941747572815533
88411cab57fffff,1.1,792.0,25.34469696969697
88411c3095fffff,39.69999999999999,1414.0,16.85007072135785
88411c1699fffff,62.75000000000001,5305.0,20.40395852968897
88411c1a8bfffff,29.650000000000002,8.0,13.0
88411caa63fffff,208.85,14693.0,22.223303613965832
88411cae55fffff,32.650000000000006,1732.0,25.155889145496534
88411ca84dfffff,110.64999999999998,2466.0,15.98418491484185
88411c026bfffff,48.49999999999999,111.0,16.27027027027027
88411c065dfffff,45.3,69.0,20.63768115942029
88411c1a51fffff,0.85,54.0,16.24074074074074
88411caa29fffff,45.800000000000004,7164.0,21.762283640424343
88411c3189fffff,99.25,471.0,16.874734607218684
88411cac05fffff,176.94999999999996,3954.0,16.716489630753667
88411cc601fffff,1.25,2.0,22.5
88411c0623fffff,13.950000000000001,93.0,17.419354838709676
88411c040dfffff,29.899999999999995,122.0,19.524590163934427
88411cade1fffff,0.39999999999999997,892.0,23.473094170403588
88411cb9b7fffff,52.85,6187.0,18.0168094391466
88411ca9b5fffff,148.55,816.0,16.313725490196077
88411c31c3fffff,94.10000000000001,289.0,18.515570934256054
88411ca197fffff,127.55000000000001,4489.0,19.20383158832702
